mean_fit_time,std_fit_time,mean_score_time,std_score_time,param_classifier__C,param_classifier__class_weight,param_tfidf__min_df,param_tfidf__ngram_range,params,split0_test_score,split1_test_score,split2_test_score,split3_test_score,split4_test_score,mean_test_score,std_test_score,rank_test_score
0.08080515861511231,0.001839946893393502,0.016852855682373047,0.000815629603673818,10.0,balanced,1,"(1, 1)","{'classifier__C': 10.0, 'classifier__class_weight': 'balanced', 'tfidf__min_df': 1, 'tfidf__ngram_range': (1, 1)}",0.7157894736842105,0.625,0.6122448979591837,0.5393258426966292,0.627906976744186,0.624053438216842,0.05612388619351814,1
0.07049975395202637,0.0008266337163571241,0.016597700119018555,0.0008462009818814882,10.0,balanced,2,"(1, 1)","{'classifier__C': 10.0, 'classifier__class_weight': 'balanced', 'tfidf__min_df': 2, 'tfidf__ngram_range': (1, 1)}",0.7157894736842105,0.6041666666666666,0.5918367346938775,0.5287356321839081,0.611764705882353,0.6104586426222032,0.06026824142924103,2
0.06978192329406738,0.0007567504943456497,0.01723203659057617,0.0006323177270747064,1.0,balanced,2,"(1, 1)","{'classifier__C': 1.0, 'classifier__class_weight': 'balanced', 'tfidf__min_df': 2, 'tfidf__ngram_range': (1, 1)}",0.6728971962616822,0.6238532110091743,0.6181818181818182,0.5714285714285714,0.5454545454545454,0.6063630684671583,0.044277862078589296,3
0.19213972091674805,0.0030773147399409512,0.034026575088500974,0.0022174167003666772,1.0,balanced,2,"(1, 2)","{'classifier__C': 1.0, 'classifier__class_weight': 'balanced', 'tfidf__min_df': 2, 'tfidf__ngram_range': (1, 2)}",0.7047619047619048,0.6666666666666666,0.5740740740740741,0.5742574257425742,0.5,0.603952014249044,0.07304278583841022,4
0.08465495109558105,0.003027901801879728,0.01736421585083008,0.001205443406029234,100.0,balanced,1,"(1, 1)","{'classifier__C': 100.0, 'classifier__class_weight': 'balanced', 'tfidf__min_df': 1, 'tfidf__ngram_range': (1, 1)}",0.6739130434782609,0.6041666666666666,0.5773195876288659,0.5348837209302325,0.6097560975609756,0.6000078232530004,0.04545373724161691,5
0.07256746292114258,0.0007275978963310392,0.016909980773925783,0.0007184524878535598,100.0,balanced,2,"(1, 1)","{'classifier__C': 100.0, 'classifier__class_weight': 'balanced', 'tfidf__min_df': 2, 'tfidf__ngram_range': (1, 1)}",0.7021276595744681,0.6041666666666666,0.5567010309278351,0.5116279069767442,0.6190476190476191,0.5987341766386666,0.06401038627717467,6
0.0777618408203125,0.0012225580780746105,0.01705060005187988,0.00027020728073831905,1.0,balanced,1,"(1, 1)","{'classifier__C': 1.0, 'classifier__class_weight': 'balanced', 'tfidf__min_df': 1, 'tfidf__ngram_range': (1, 1)}",0.6666666666666666,0.6481481481481481,0.6017699115044248,0.52,0.5567010309278351,0.598657151449415,0.054829929259186914,7
0.20186452865600585,0.009889498305206986,0.03695578575134277,0.0031638098280468347,10.0,balanced,2,"(1, 2)","{'classifier__C': 10.0, 'classifier__class_weight': 'balanced', 'tfidf__min_df': 2, 'tfidf__ngram_range': (1, 2)}",0.6292134831460674,0.6521739130434783,0.6122448979591837,0.5348837209302325,0.5301204819277109,0.5917272994013345,0.050013140864689234,8
0.3040000915527344,0.00462288073564932,0.037534046173095706,0.001398161343581319,1.0,balanced,1,"(1, 2)","{'classifier__C': 1.0, 'classifier__class_weight': 'balanced', 'tfidf__min_df': 1, 'tfidf__ngram_range': (1, 2)}",0.6851851851851852,0.6666666666666666,0.5365853658536586,0.5740740740740741,0.49056603773584906,0.5906154659030867,0.07473951347749147,9
0.377590274810791,0.03359456507205556,0.04000406265258789,0.0018384537760353105,10.0,balanced,1,"(1, 2)","{'classifier__C': 10.0, 'classifier__class_weight': 'balanced', 'tfidf__min_df': 1, 'tfidf__ngram_range': (1, 2)}",0.6739130434782609,0.6382978723404256,0.5918367346938775,0.5,0.5348837209302325,0.5877862742885593,0.064016807548645,10
0.06877822875976562,0.0011887040358742025,0.016521406173706055,0.0005493760987141321,0.1,balanced,2,"(1, 1)","{'classifier__C': 0.1, 'classifier__class_weight': 'balanced', 'tfidf__min_df': 2, 'tfidf__ngram_range': (1, 1)}",0.6446280991735537,0.6379310344827587,0.5426356589147286,0.5811965811965812,0.48739495798319327,0.5787572663501631,0.05915791345650745,11
0.2014918327331543,0.004632927093885884,0.03436779975891113,0.002871647799641282,100.0,balanced,2,"(1, 2)","{'classifier__C': 100.0, 'classifier__class_weight': 'balanced', 'tfidf__min_df': 2, 'tfidf__ngram_range': (1, 2)}",0.6206896551724138,0.6373626373626373,0.5684210526315789,0.4819277108433735,0.5454545454545454,0.5707711202929098,0.05561635272532956,12
0.07227473258972168,0.0019996387783609276,0.016690731048583984,0.000838092942091797,100.0,,2,"(1, 1)","{'classifier__C': 100.0, 'classifier__class_weight': None, 'tfidf__min_df': 2, 'tfidf__ngram_range': (1, 1)}",0.5679012345679012,0.6067415730337079,0.5652173913043478,0.49382716049382713,0.6153846153846154,0.5698143949568799,0.04298630920920863,13
0.07642145156860351,0.003407790582492652,0.01699070930480957,0.001086042016941081,0.1,balanced,1,"(1, 1)","{'classifier__C': 0.1, 'classifier__class_weight': 'balanced', 'tfidf__min_df': 1, 'tfidf__ngram_range': (1, 1)}",0.6341463414634146,0.6324786324786325,0.5035971223021583,0.608,0.45217391304347826,0.5660792018575368,0.07440134176641124,14
0.08394970893859863,0.0024622356013988007,0.01700248718261719,0.0006704867220752365,100.0,,1,"(1, 1)","{'classifier__C': 100.0, 'classifier__class_weight': None, 'tfidf__min_df': 1, 'tfidf__ngram_range': (1, 1)}",0.5925925925925926,0.5813953488372093,0.5555555555555556,0.5185185185185185,0.5789473684210527,0.5654018767849858,0.026357563780338673,15
0.32044377326965334,0.004152499777406922,0.039253520965576175,0.0020605854517854708,100.0,balanced,1,"(1, 2)","{'classifier__C': 100.0, 'classifier__class_weight': 'balanced', 'tfidf__min_df': 1, 'tfidf__ngram_range': (1, 2)}",0.627906976744186,0.6153846153846154,0.5684210526315789,0.4444444444444444,0.5365853658536586,0.5585484910116967,0.0657883338586797,16
0.1927034378051758,0.004610700235084985,0.0339503288269043,0.0016218608925592933,0.1,balanced,2,"(1, 2)","{'classifier__C': 0.1, 'classifier__class_weight': 'balanced', 'tfidf__min_df': 2, 'tfidf__ngram_range': (1, 2)}",0.624,0.6379310344827587,0.4925373134328358,0.576,0.4369747899159664,0.5534886275663121,0.0773300364357628,17
0.30005717277526855,0.004705959615556573,0.039081907272338866,0.0016136931284151054,0.1,balanced,1,"(1, 2)","{'classifier__C': 0.1, 'classifier__class_weight': 'balanced', 'tfidf__min_df': 1, 'tfidf__ngram_range': (1, 2)}",0.6131386861313869,0.6557377049180327,0.47619047619047616,0.5467625899280576,0.45112781954887216,0.5485914553433652,0.07796290224665196,18
0.07103385925292968,0.001195793954493814,0.016548728942871092,0.0004596105858341776,10.0,,2,"(1, 1)","{'classifier__C': 10.0, 'classifier__class_weight': None, 'tfidf__min_df': 2, 'tfidf__ngram_range': (1, 1)}",0.5454545454545454,0.5432098765432098,0.5411764705882353,0.40540540540540543,0.547945205479452,0.5166383006941696,0.055662241543971494,19
0.08146371841430664,0.0031934380208907278,0.016933917999267578,0.00017471817115537633,10.0,,1,"(1, 1)","{'classifier__C': 10.0, 'classifier__class_weight': None, 'tfidf__min_df': 1, 'tfidf__ngram_range': (1, 1)}",0.5714285714285714,0.525,0.5121951219512195,0.3835616438356164,0.5277777777777778,0.5039926229986371,0.0634437583190354,20
0.20266733169555665,0.0031098802865506766,0.03533506393432617,0.001264129139617596,100.0,,2,"(1, 2)","{'classifier__C': 100.0, 'classifier__class_weight': None, 'tfidf__min_df': 2, 'tfidf__ngram_range': (1, 2)}",0.5454545454545454,0.5432098765432098,0.5176470588235295,0.3142857142857143,0.4931506849315068,0.4827495760077012,0.08636370906136943,21
0.3215517044067383,0.0034286416526477883,0.039406633377075194,0.002193313136126496,100.0,,1,"(1, 2)","{'classifier__C': 100.0, 'classifier__class_weight': None, 'tfidf__min_df': 1, 'tfidf__ngram_range': (1, 2)}",0.5066666666666667,0.5128205128205128,0.41975308641975306,0.3283582089552239,0.4722222222222222,0.4479641394168758,0.06832603101421808,22
0.20065803527832032,0.003747656445048957,0.034488677978515625,0.0019901292052599477,10.0,,2,"(1, 2)","{'classifier__C': 10.0, 'classifier__class_weight': None, 'tfidf__min_df': 2, 'tfidf__ngram_range': (1, 2)}",0.4722222222222222,0.47368421052631576,0.41025641025641024,0.2857142857142857,0.463768115942029,0.42112904893225256,0.07161846098826004,23
0.31861171722412107,0.004520480636347522,0.038617944717407225,0.0013366817457920485,10.0,,1,"(1, 2)","{'classifier__C': 10.0, 'classifier__class_weight': None, 'tfidf__min_df': 1, 'tfidf__ngram_range': (1, 2)}",0.43478260869565216,0.4166666666666667,0.38961038961038963,0.25806451612903225,0.4411764705882353,0.3880601303379952,0.06741503174153636,24
0.06876816749572753,0.0012400025436969722,0.016267681121826173,0.0007644055495661938,1.0,,2,"(1, 1)","{'classifier__C': 1.0, 'classifier__class_weight': None, 'tfidf__min_df': 2, 'tfidf__ngram_range': (1, 1)}",0.10909090909090909,0.07407407407407407,0.07142857142857142,0.03773584905660377,0.1111111111111111,0.0806881029522539,0.027227409861166667,25
0.07849974632263183,0.0030615071322411965,0.01708693504333496,0.0012622899809397008,1.0,,1,"(1, 1)","{'classifier__C': 1.0, 'classifier__class_weight': None, 'tfidf__min_df': 1, 'tfidf__ngram_range': (1, 1)}",0.10909090909090909,0.07407407407407407,0.03636363636363636,0.03773584905660377,0.07547169811320754,0.06654723333968617,0.02715661665259466,26
0.19930944442749024,0.001441821549068702,0.03397345542907715,0.001856800942891288,1.0,,2,"(1, 2)","{'classifier__C': 1.0, 'classifier__class_weight': None, 'tfidf__min_df': 2, 'tfidf__ngram_range': (1, 2)}",0.0,0.03773584905660377,0.037037037037037035,0.0,0.038461538461538464,0.022646884911035853,0.018496590910032706,27
0.30722908973693847,0.0043610556183145115,0.03902754783630371,0.0018463807928703984,1.0,,1,"(1, 2)","{'classifier__C': 1.0, 'classifier__class_weight': None, 'tfidf__min_df': 1, 'tfidf__ngram_range': (1, 2)}",0.0,0.0,0.037037037037037035,0.0,0.038461538461538464,0.0150997150997151,0.018498784137604477,28
0.18904905319213866,0.0019440883240237003,0.03472533226013184,0.0017353381445101104,0.1,,2,"(1, 2)","{'classifier__C': 0.1, 'classifier__class_weight': None, 'tfidf__min_df': 2, 'tfidf__ngram_range': (1, 2)}",0.0,0.0,0.0,0.0,0.0,0.0,0.0,29
0.07624306678771972,0.010179371026596098,0.01684560775756836,0.0009865800051751664,0.1,,2,"(1, 1)","{'classifier__C': 0.1, 'classifier__class_weight': None, 'tfidf__min_df': 2, 'tfidf__ngram_range': (1, 1)}",0.0,0.0,0.0,0.0,0.0,0.0,0.0,29
0.3609799861907959,0.036938025464084784,0.060407161712646484,0.01725040027016688,0.1,,1,"(1, 2)","{'classifier__C': 0.1, 'classifier__class_weight': None, 'tfidf__min_df': 1, 'tfidf__ngram_range': (1, 2)}",0.0,0.0,0.0,0.0,0.0,0.0,0.0,29
0.08398756980895997,0.0031864540847031998,0.01690516471862793,0.00043694549867491375,0.1,,1,"(1, 1)","{'classifier__C': 0.1, 'classifier__class_weight': None, 'tfidf__min_df': 1, 'tfidf__ngram_range': (1, 1)}",0.0,0.0,0.0,0.0,0.0,0.0,0.0,29
